<?xml version="1.0" encoding="UTF-8"?>
<spirit:component xmlns:xilinx="http://www.xilinx.com" xmlns:spirit="http://www.spiritconsortium.org/XMLSchema/SPIRIT/1685-2009" xmlns:xsi="http://www.w3.org/2001/XMLSchema-instance">
  <spirit:vendor>xilinx.com</spirit:vendor>
  <spirit:library>ip</spirit:library>
  <spirit:name>axis_monstub</spirit:name>
  <spirit:version>1.00.a</spirit:version>
  <spirit:busInterfaces>
    <spirit:busInterface>
      <spirit:name>CLK.ACLK</spirit:name>
      <spirit:displayName>Clk</spirit:displayName>
      <spirit:description>Clock input</spirit:description>
      <spirit:busType spirit:vendor="xilinx.com" spirit:library="signal" spirit:name="clock" spirit:version="1.0"/>
      <spirit:abstractionType spirit:vendor="xilinx.com" spirit:library="signal" spirit:name="clock_rtl" spirit:version="1.0"/>
      <spirit:slave/>
      <spirit:portMaps>
        <spirit:portMap>
          <spirit:logicalPort>
            <spirit:name>CLK</spirit:name>
          </spirit:logicalPort>
          <spirit:physicalPort>
            <spirit:name>Clk</spirit:name>
          </spirit:physicalPort>
        </spirit:portMap>
      </spirit:portMaps>
      <spirit:parameters>
        <spirit:parameter>
          <spirit:name>ASSOCIATED_BUSIF</spirit:name>
          <spirit:value spirit:format="string" spirit:resolve="immediate" spirit:id="BUSIFPARAM_VALUE.CLK.ACLK.ASSOCIATED_BUSIF">AXIS_0:AXIS_1:AXIS_2:AXIS_3</spirit:value>
        </spirit:parameter>
        <spirit:parameter>
          <spirit:name>ASSOCIATED_RESET</spirit:name>
          <spirit:value spirit:format="string" spirit:resolve="immediate" spirit:id="BUSIFPARAM_VALUE.CLK.ACLK.ASSOCIATED_RESET">Rst_n</spirit:value>
        </spirit:parameter>
      </spirit:parameters>
    </spirit:busInterface>
    <spirit:busInterface>
      <spirit:name>RST.ARESETN</spirit:name>
      <spirit:displayName>Rst_n</spirit:displayName>
      <spirit:description>Reset</spirit:description>
      <spirit:busType spirit:vendor="xilinx.com" spirit:library="signal" spirit:name="reset" spirit:version="1.0"/>
      <spirit:abstractionType spirit:vendor="xilinx.com" spirit:library="signal" spirit:name="reset_rtl" spirit:version="1.0"/>
      <spirit:slave/>
      <spirit:portMaps>
        <spirit:portMap>
          <spirit:logicalPort>
            <spirit:name>RST</spirit:name>
          </spirit:logicalPort>
          <spirit:physicalPort>
            <spirit:name>Rst_n</spirit:name>
          </spirit:physicalPort>
        </spirit:portMap>
      </spirit:portMaps>
      <spirit:parameters>
        <spirit:parameter>
          <spirit:name>POLARITY</spirit:name>
          <spirit:value spirit:format="string" spirit:resolve="dependent" spirit:id="BUSIFPARAM_VALUE.RST.ARESETN.POLARITY">ACTIVE_LOW</spirit:value>
        </spirit:parameter>
      </spirit:parameters>
    </spirit:busInterface>
    <spirit:busInterface>
      <spirit:name>AXIS_0</spirit:name>
      <spirit:displayName>AXIS_0</spirit:displayName>
      <spirit:description>AXI-Stream Interface 0</spirit:description>
      <spirit:busType spirit:vendor="xilinx.com" spirit:library="interface" spirit:name="axis" spirit:version="1.0"/>
      <spirit:abstractionType spirit:vendor="xilinx.com" spirit:library="interface" spirit:name="axis_rtl" spirit:version="1.0"/>
      <spirit:monitor spirit:interfaceMode="slave"/>
      <spirit:portMaps>
        <spirit:portMap>
          <spirit:logicalPort>
            <spirit:name>TDATA</spirit:name>
          </spirit:logicalPort>
          <spirit:physicalPort>
            <spirit:name>axis0_tdata</spirit:name>
          </spirit:physicalPort>
        </spirit:portMap>
        <spirit:portMap>
          <spirit:logicalPort>
            <spirit:name>TSTRB</spirit:name>
          </spirit:logicalPort>
          <spirit:physicalPort>
            <spirit:name>axis0_tstrb</spirit:name>
          </spirit:physicalPort>
        </spirit:portMap>
        <spirit:portMap>
          <spirit:logicalPort>
            <spirit:name>TVALID</spirit:name>
          </spirit:logicalPort>
          <spirit:physicalPort>
            <spirit:name>axis0_tvalid</spirit:name>
          </spirit:physicalPort>
        </spirit:portMap>
        <spirit:portMap>
          <spirit:logicalPort>
            <spirit:name>TREADY</spirit:name>
          </spirit:logicalPort>
          <spirit:physicalPort>
            <spirit:name>axis0_tready</spirit:name>
          </spirit:physicalPort>
        </spirit:portMap>
        <spirit:portMap>
          <spirit:logicalPort>
            <spirit:name>TLAST</spirit:name>
          </spirit:logicalPort>
          <spirit:physicalPort>
            <spirit:name>axis0_tlast</spirit:name>
          </spirit:physicalPort>
        </spirit:portMap>
      </spirit:portMaps>
    </spirit:busInterface>
    <spirit:busInterface>
      <spirit:name>AXIS_1</spirit:name>
      <spirit:displayName>AXIS_1</spirit:displayName>
      <spirit:description>AXI-Stream Interface 1</spirit:description>
      <spirit:busType spirit:vendor="xilinx.com" spirit:library="interface" spirit:name="axis" spirit:version="1.0"/>
      <spirit:abstractionType spirit:vendor="xilinx.com" spirit:library="interface" spirit:name="axis_rtl" spirit:version="1.0"/>
      <spirit:monitor spirit:interfaceMode="slave"/>
      <spirit:portMaps>
        <spirit:portMap>
          <spirit:logicalPort>
            <spirit:name>TDATA</spirit:name>
          </spirit:logicalPort>
          <spirit:physicalPort>
            <spirit:name>axis1_tdata</spirit:name>
          </spirit:physicalPort>
        </spirit:portMap>
        <spirit:portMap>
          <spirit:logicalPort>
            <spirit:name>TSTRB</spirit:name>
          </spirit:logicalPort>
          <spirit:physicalPort>
            <spirit:name>axis1_tstrb</spirit:name>
          </spirit:physicalPort>
        </spirit:portMap>
        <spirit:portMap>
          <spirit:logicalPort>
            <spirit:name>TVALID</spirit:name>
          </spirit:logicalPort>
          <spirit:physicalPort>
            <spirit:name>axis1_tvalid</spirit:name>
          </spirit:physicalPort>
        </spirit:portMap>
        <spirit:portMap>
          <spirit:logicalPort>
            <spirit:name>TREADY</spirit:name>
          </spirit:logicalPort>
          <spirit:physicalPort>
            <spirit:name>axis1_tready</spirit:name>
          </spirit:physicalPort>
        </spirit:portMap>
        <spirit:portMap>
          <spirit:logicalPort>
            <spirit:name>TLAST</spirit:name>
          </spirit:logicalPort>
          <spirit:physicalPort>
            <spirit:name>axis1_tlast</spirit:name>
          </spirit:physicalPort>
        </spirit:portMap>
      </spirit:portMaps>
    </spirit:busInterface>
    <spirit:busInterface>
      <spirit:name>AXIS_2</spirit:name>
      <spirit:displayName>AXIS_2</spirit:displayName>
      <spirit:description>AXI-Stream Interface 2</spirit:description>
      <spirit:busType spirit:vendor="xilinx.com" spirit:library="interface" spirit:name="axis" spirit:version="1.0"/>
      <spirit:abstractionType spirit:vendor="xilinx.com" spirit:library="interface" spirit:name="axis_rtl" spirit:version="1.0"/>
      <spirit:monitor spirit:interfaceMode="slave"/>
      <spirit:portMaps>
        <spirit:portMap>
          <spirit:logicalPort>
            <spirit:name>TDATA</spirit:name>
          </spirit:logicalPort>
          <spirit:physicalPort>
            <spirit:name>axis2_tdata</spirit:name>
          </spirit:physicalPort>
        </spirit:portMap>
        <spirit:portMap>
          <spirit:logicalPort>
            <spirit:name>TSTRB</spirit:name>
          </spirit:logicalPort>
          <spirit:physicalPort>
            <spirit:name>axis2_tstrb</spirit:name>
          </spirit:physicalPort>
        </spirit:portMap>
        <spirit:portMap>
          <spirit:logicalPort>
            <spirit:name>TVALID</spirit:name>
          </spirit:logicalPort>
          <spirit:physicalPort>
            <spirit:name>axis2_tvalid</spirit:name>
          </spirit:physicalPort>
        </spirit:portMap>
        <spirit:portMap>
          <spirit:logicalPort>
            <spirit:name>TREADY</spirit:name>
          </spirit:logicalPort>
          <spirit:physicalPort>
            <spirit:name>axis2_tready</spirit:name>
          </spirit:physicalPort>
        </spirit:portMap>
        <spirit:portMap>
          <spirit:logicalPort>
            <spirit:name>TLAST</spirit:name>
          </spirit:logicalPort>
          <spirit:physicalPort>
            <spirit:name>axis2_tlast</spirit:name>
          </spirit:physicalPort>
        </spirit:portMap>
      </spirit:portMaps>
    </spirit:busInterface>
    <spirit:busInterface>
      <spirit:name>AXIS_3</spirit:name>
      <spirit:displayName>AXIS_3</spirit:displayName>
      <spirit:description>AXI-Stream Interface 3</spirit:description>
      <spirit:busType spirit:vendor="xilinx.com" spirit:library="interface" spirit:name="axis" spirit:version="1.0"/>
      <spirit:abstractionType spirit:vendor="xilinx.com" spirit:library="interface" spirit:name="axis_rtl" spirit:version="1.0"/>
      <spirit:monitor spirit:interfaceMode="slave"/>
      <spirit:portMaps>
        <spirit:portMap>
          <spirit:logicalPort>
            <spirit:name>TDATA</spirit:name>
          </spirit:logicalPort>
          <spirit:physicalPort>
            <spirit:name>axis3_tdata</spirit:name>
          </spirit:physicalPort>
        </spirit:portMap>
        <spirit:portMap>
          <spirit:logicalPort>
            <spirit:name>TSTRB</spirit:name>
          </spirit:logicalPort>
          <spirit:physicalPort>
            <spirit:name>axis3_tstrb</spirit:name>
          </spirit:physicalPort>
        </spirit:portMap>
        <spirit:portMap>
          <spirit:logicalPort>
            <spirit:name>TVALID</spirit:name>
          </spirit:logicalPort>
          <spirit:physicalPort>
            <spirit:name>axis3_tvalid</spirit:name>
          </spirit:physicalPort>
        </spirit:portMap>
        <spirit:portMap>
          <spirit:logicalPort>
            <spirit:name>TREADY</spirit:name>
          </spirit:logicalPort>
          <spirit:physicalPort>
            <spirit:name>axis3_tready</spirit:name>
          </spirit:physicalPort>
        </spirit:portMap>
        <spirit:portMap>
          <spirit:logicalPort>
            <spirit:name>TLAST</spirit:name>
          </spirit:logicalPort>
          <spirit:physicalPort>
            <spirit:name>axis3_tlast</spirit:name>
          </spirit:physicalPort>
        </spirit:portMap>
      </spirit:portMaps>
    </spirit:busInterface>
  </spirit:busInterfaces>
  <spirit:model>
    <spirit:views>
      <spirit:view>
        <spirit:name>xilinx_vivadoverilogsynthesis</spirit:name>
        <spirit:displayName>Verilog Synthesis</spirit:displayName>
        <spirit:envIdentifier>verilogSource:vivado.xilinx.com:synthesis</spirit:envIdentifier>
        <spirit:language>verilog</spirit:language>
        <spirit:modelName>axis_monstub</spirit:modelName>
        <spirit:fileSetRef>
          <spirit:localName>xilinx_vivadoverilogsynthesis_view_fileset</spirit:localName>
        </spirit:fileSetRef>
      </spirit:view>
      <spirit:view>
        <spirit:name>xilinx_vivadoverilogbehavioralsimulation</spirit:name>
        <spirit:displayName>Verilog Simulation</spirit:displayName>
        <spirit:envIdentifier>verilogSource:vivado.xilinx.com:simulation</spirit:envIdentifier>
        <spirit:language>verilog</spirit:language>
        <spirit:modelName>axis_monstub</spirit:modelName>
        <spirit:fileSetRef>
          <spirit:localName>xilinx_vivadoverilogbehavioralsimulation_view_fileset</spirit:localName>
        </spirit:fileSetRef>
      </spirit:view>
      <spirit:view>
        <spirit:name>xilinx_vivadoxpgui</spirit:name>
        <spirit:displayName>UI Layout</spirit:displayName>
        <spirit:envIdentifier>:vivado.xilinx.com:xgui.ui</spirit:envIdentifier>
        <spirit:fileSetRef>
          <spirit:localName>xilinx_vivadoxpgui_view_fileset</spirit:localName>
        </spirit:fileSetRef>
      </spirit:view>
    </spirit:views>
    <spirit:ports>
      <spirit:port>
        <spirit:name>Clk</spirit:name>
        <spirit:wire>
          <spirit:direction>in</spirit:direction>
          <spirit:wireTypeDefs>
            <spirit:wireTypeDef>
              <spirit:typeName>std_logic</spirit:typeName>
              <spirit:viewNameRef>xilinx_vivadoverilogsynthesis</spirit:viewNameRef>
              <spirit:viewNameRef>xilinx_vivadoverilogbehavioralsimulation</spirit:viewNameRef>
            </spirit:wireTypeDef>
          </spirit:wireTypeDefs>
        </spirit:wire>
      </spirit:port>
      <spirit:port>
        <spirit:name>Rst_n</spirit:name>
        <spirit:wire>
          <spirit:direction>in</spirit:direction>
          <spirit:wireTypeDefs>
            <spirit:wireTypeDef>
              <spirit:typeName>std_logic</spirit:typeName>
              <spirit:viewNameRef>xilinx_vivadoverilogsynthesis</spirit:viewNameRef>
              <spirit:viewNameRef>xilinx_vivadoverilogbehavioralsimulation</spirit:viewNameRef>
            </spirit:wireTypeDef>
          </spirit:wireTypeDefs>
        </spirit:wire>
      </spirit:port>
      <spirit:port>
        <spirit:name>axis0_tdata</spirit:name>
        <spirit:wire>
          <spirit:direction>in</spirit:direction>
          <spirit:vector>
            <spirit:left spirit:format="long" spirit:resolve="immediate">31</spirit:left>
            <spirit:right spirit:format="long" spirit:resolve="immediate">0</spirit:right>
          </spirit:vector>
          <spirit:wireTypeDefs>
            <spirit:wireTypeDef>
              <spirit:typeName>std_logic_vector</spirit:typeName>
              <spirit:viewNameRef>xilinx_vivadoverilogsynthesis</spirit:viewNameRef>
              <spirit:viewNameRef>xilinx_vivadoverilogbehavioralsimulation</spirit:viewNameRef>
            </spirit:wireTypeDef>
          </spirit:wireTypeDefs>
        </spirit:wire>
      </spirit:port>
      <spirit:port>
        <spirit:name>axis0_tstrb</spirit:name>
        <spirit:wire>
          <spirit:direction>in</spirit:direction>
          <spirit:vector>
            <spirit:left spirit:format="long" spirit:resolve="immediate">3</spirit:left>
            <spirit:right spirit:format="long" spirit:resolve="immediate">0</spirit:right>
          </spirit:vector>
          <spirit:wireTypeDefs>
            <spirit:wireTypeDef>
              <spirit:typeName>std_logic_vector</spirit:typeName>
              <spirit:viewNameRef>xilinx_vivadoverilogsynthesis</spirit:viewNameRef>
              <spirit:viewNameRef>xilinx_vivadoverilogbehavioralsimulation</spirit:viewNameRef>
            </spirit:wireTypeDef>
          </spirit:wireTypeDefs>
        </spirit:wire>
      </spirit:port>
      <spirit:port>
        <spirit:name>axis0_tvalid</spirit:name>
        <spirit:wire>
          <spirit:direction>in</spirit:direction>
          <spirit:wireTypeDefs>
            <spirit:wireTypeDef>
              <spirit:typeName>std_logic</spirit:typeName>
              <spirit:viewNameRef>xilinx_vivadoverilogsynthesis</spirit:viewNameRef>
              <spirit:viewNameRef>xilinx_vivadoverilogbehavioralsimulation</spirit:viewNameRef>
            </spirit:wireTypeDef>
          </spirit:wireTypeDefs>
        </spirit:wire>
      </spirit:port>
      <spirit:port>
        <spirit:name>axis0_tready</spirit:name>
        <spirit:wire>
          <spirit:direction>in</spirit:direction>
          <spirit:wireTypeDefs>
            <spirit:wireTypeDef>
              <spirit:typeName>std_logic</spirit:typeName>
              <spirit:viewNameRef>xilinx_vivadoverilogsynthesis</spirit:viewNameRef>
              <spirit:viewNameRef>xilinx_vivadoverilogbehavioralsimulation</spirit:viewNameRef>
            </spirit:wireTypeDef>
          </spirit:wireTypeDefs>
        </spirit:wire>
      </spirit:port>
      <spirit:port>
        <spirit:name>axis0_tlast</spirit:name>
        <spirit:wire>
          <spirit:direction>in</spirit:direction>
          <spirit:wireTypeDefs>
            <spirit:wireTypeDef>
              <spirit:typeName>std_logic</spirit:typeName>
              <spirit:viewNameRef>xilinx_vivadoverilogsynthesis</spirit:viewNameRef>
              <spirit:viewNameRef>xilinx_vivadoverilogbehavioralsimulation</spirit:viewNameRef>
            </spirit:wireTypeDef>
          </spirit:wireTypeDefs>
        </spirit:wire>
      </spirit:port>
      <spirit:port>
        <spirit:name>axis1_tdata</spirit:name>
        <spirit:wire>
          <spirit:direction>in</spirit:direction>
          <spirit:vector>
            <spirit:left spirit:format="long" spirit:resolve="immediate">31</spirit:left>
            <spirit:right spirit:format="long" spirit:resolve="immediate">0</spirit:right>
          </spirit:vector>
          <spirit:wireTypeDefs>
            <spirit:wireTypeDef>
              <spirit:typeName>std_logic_vector</spirit:typeName>
              <spirit:viewNameRef>xilinx_vivadoverilogsynthesis</spirit:viewNameRef>
              <spirit:viewNameRef>xilinx_vivadoverilogbehavioralsimulation</spirit:viewNameRef>
            </spirit:wireTypeDef>
          </spirit:wireTypeDefs>
        </spirit:wire>
      </spirit:port>
      <spirit:port>
        <spirit:name>axis1_tstrb</spirit:name>
        <spirit:wire>
          <spirit:direction>in</spirit:direction>
          <spirit:vector>
            <spirit:left spirit:format="long" spirit:resolve="immediate">3</spirit:left>
            <spirit:right spirit:format="long" spirit:resolve="immediate">0</spirit:right>
          </spirit:vector>
          <spirit:wireTypeDefs>
            <spirit:wireTypeDef>
              <spirit:typeName>std_logic_vector</spirit:typeName>
              <spirit:viewNameRef>xilinx_vivadoverilogsynthesis</spirit:viewNameRef>
              <spirit:viewNameRef>xilinx_vivadoverilogbehavioralsimulation</spirit:viewNameRef>
            </spirit:wireTypeDef>
          </spirit:wireTypeDefs>
        </spirit:wire>
      </spirit:port>
      <spirit:port>
        <spirit:name>axis1_tvalid</spirit:name>
        <spirit:wire>
          <spirit:direction>in</spirit:direction>
          <spirit:wireTypeDefs>
            <spirit:wireTypeDef>
              <spirit:typeName>std_logic</spirit:typeName>
              <spirit:viewNameRef>xilinx_vivadoverilogsynthesis</spirit:viewNameRef>
              <spirit:viewNameRef>xilinx_vivadoverilogbehavioralsimulation</spirit:viewNameRef>
            </spirit:wireTypeDef>
          </spirit:wireTypeDefs>
        </spirit:wire>
      </spirit:port>
      <spirit:port>
        <spirit:name>axis1_tready</spirit:name>
        <spirit:wire>
          <spirit:direction>in</spirit:direction>
          <spirit:wireTypeDefs>
            <spirit:wireTypeDef>
              <spirit:typeName>std_logic</spirit:typeName>
              <spirit:viewNameRef>xilinx_vivadoverilogsynthesis</spirit:viewNameRef>
              <spirit:viewNameRef>xilinx_vivadoverilogbehavioralsimulation</spirit:viewNameRef>
            </spirit:wireTypeDef>
          </spirit:wireTypeDefs>
        </spirit:wire>
      </spirit:port>
      <spirit:port>
        <spirit:name>axis1_tlast</spirit:name>
        <spirit:wire>
          <spirit:direction>in</spirit:direction>
          <spirit:wireTypeDefs>
            <spirit:wireTypeDef>
              <spirit:typeName>std_logic</spirit:typeName>
              <spirit:viewNameRef>xilinx_vivadoverilogsynthesis</spirit:viewNameRef>
              <spirit:viewNameRef>xilinx_vivadoverilogbehavioralsimulation</spirit:viewNameRef>
            </spirit:wireTypeDef>
          </spirit:wireTypeDefs>
        </spirit:wire>
      </spirit:port>
      <spirit:port>
        <spirit:name>axis2_tdata</spirit:name>
        <spirit:wire>
          <spirit:direction>in</spirit:direction>
          <spirit:vector>
            <spirit:left spirit:format="long" spirit:resolve="immediate">31</spirit:left>
            <spirit:right spirit:format="long" spirit:resolve="immediate">0</spirit:right>
          </spirit:vector>
          <spirit:wireTypeDefs>
            <spirit:wireTypeDef>
              <spirit:typeName>std_logic_vector</spirit:typeName>
              <spirit:viewNameRef>xilinx_vivadoverilogsynthesis</spirit:viewNameRef>
              <spirit:viewNameRef>xilinx_vivadoverilogbehavioralsimulation</spirit:viewNameRef>
            </spirit:wireTypeDef>
          </spirit:wireTypeDefs>
        </spirit:wire>
      </spirit:port>
      <spirit:port>
        <spirit:name>axis2_tstrb</spirit:name>
        <spirit:wire>
          <spirit:direction>in</spirit:direction>
          <spirit:vector>
            <spirit:left spirit:format="long" spirit:resolve="immediate">3</spirit:left>
            <spirit:right spirit:format="long" spirit:resolve="immediate">0</spirit:right>
          </spirit:vector>
          <spirit:wireTypeDefs>
            <spirit:wireTypeDef>
              <spirit:typeName>std_logic_vector</spirit:typeName>
              <spirit:viewNameRef>xilinx_vivadoverilogsynthesis</spirit:viewNameRef>
              <spirit:viewNameRef>xilinx_vivadoverilogbehavioralsimulation</spirit:viewNameRef>
            </spirit:wireTypeDef>
          </spirit:wireTypeDefs>
        </spirit:wire>
      </spirit:port>
      <spirit:port>
        <spirit:name>axis2_tvalid</spirit:name>
        <spirit:wire>
          <spirit:direction>in</spirit:direction>
          <spirit:wireTypeDefs>
            <spirit:wireTypeDef>
              <spirit:typeName>std_logic</spirit:typeName>
              <spirit:viewNameRef>xilinx_vivadoverilogsynthesis</spirit:viewNameRef>
              <spirit:viewNameRef>xilinx_vivadoverilogbehavioralsimulation</spirit:viewNameRef>
            </spirit:wireTypeDef>
          </spirit:wireTypeDefs>
        </spirit:wire>
      </spirit:port>
      <spirit:port>
        <spirit:name>axis2_tready</spirit:name>
        <spirit:wire>
          <spirit:direction>in</spirit:direction>
          <spirit:wireTypeDefs>
            <spirit:wireTypeDef>
              <spirit:typeName>std_logic</spirit:typeName>
              <spirit:viewNameRef>xilinx_vivadoverilogsynthesis</spirit:viewNameRef>
              <spirit:viewNameRef>xilinx_vivadoverilogbehavioralsimulation</spirit:viewNameRef>
            </spirit:wireTypeDef>
          </spirit:wireTypeDefs>
        </spirit:wire>
      </spirit:port>
      <spirit:port>
        <spirit:name>axis2_tlast</spirit:name>
        <spirit:wire>
          <spirit:direction>in</spirit:direction>
          <spirit:wireTypeDefs>
            <spirit:wireTypeDef>
              <spirit:typeName>std_logic</spirit:typeName>
              <spirit:viewNameRef>xilinx_vivadoverilogsynthesis</spirit:viewNameRef>
              <spirit:viewNameRef>xilinx_vivadoverilogbehavioralsimulation</spirit:viewNameRef>
            </spirit:wireTypeDef>
          </spirit:wireTypeDefs>
        </spirit:wire>
      </spirit:port>
      <spirit:port>
        <spirit:name>axis3_tdata</spirit:name>
        <spirit:wire>
          <spirit:direction>in</spirit:direction>
          <spirit:vector>
            <spirit:left spirit:format="long" spirit:resolve="immediate">31</spirit:left>
            <spirit:right spirit:format="long" spirit:resolve="immediate">0</spirit:right>
          </spirit:vector>
          <spirit:wireTypeDefs>
            <spirit:wireTypeDef>
              <spirit:typeName>std_logic_vector</spirit:typeName>
              <spirit:viewNameRef>xilinx_vivadoverilogsynthesis</spirit:viewNameRef>
              <spirit:viewNameRef>xilinx_vivadoverilogbehavioralsimulation</spirit:viewNameRef>
            </spirit:wireTypeDef>
          </spirit:wireTypeDefs>
        </spirit:wire>
      </spirit:port>
      <spirit:port>
        <spirit:name>axis3_tstrb</spirit:name>
        <spirit:wire>
          <spirit:direction>in</spirit:direction>
          <spirit:vector>
            <spirit:left spirit:format="long" spirit:resolve="immediate">3</spirit:left>
            <spirit:right spirit:format="long" spirit:resolve="immediate">0</spirit:right>
          </spirit:vector>
          <spirit:wireTypeDefs>
            <spirit:wireTypeDef>
              <spirit:typeName>std_logic_vector</spirit:typeName>
              <spirit:viewNameRef>xilinx_vivadoverilogsynthesis</spirit:viewNameRef>
              <spirit:viewNameRef>xilinx_vivadoverilogbehavioralsimulation</spirit:viewNameRef>
            </spirit:wireTypeDef>
          </spirit:wireTypeDefs>
        </spirit:wire>
      </spirit:port>
      <spirit:port>
        <spirit:name>axis3_tvalid</spirit:name>
        <spirit:wire>
          <spirit:direction>in</spirit:direction>
          <spirit:wireTypeDefs>
            <spirit:wireTypeDef>
              <spirit:typeName>std_logic</spirit:typeName>
              <spirit:viewNameRef>xilinx_vivadoverilogsynthesis</spirit:viewNameRef>
              <spirit:viewNameRef>xilinx_vivadoverilogbehavioralsimulation</spirit:viewNameRef>
            </spirit:wireTypeDef>
          </spirit:wireTypeDefs>
        </spirit:wire>
      </spirit:port>
      <spirit:port>
        <spirit:name>axis3_tready</spirit:name>
        <spirit:wire>
          <spirit:direction>in</spirit:direction>
          <spirit:wireTypeDefs>
            <spirit:wireTypeDef>
              <spirit:typeName>std_logic</spirit:typeName>
              <spirit:viewNameRef>xilinx_vivadoverilogsynthesis</spirit:viewNameRef>
              <spirit:viewNameRef>xilinx_vivadoverilogbehavioralsimulation</spirit:viewNameRef>
            </spirit:wireTypeDef>
          </spirit:wireTypeDefs>
        </spirit:wire>
      </spirit:port>
      <spirit:port>
        <spirit:name>axis3_tlast</spirit:name>
        <spirit:wire>
          <spirit:direction>in</spirit:direction>
          <spirit:wireTypeDefs>
            <spirit:wireTypeDef>
              <spirit:typeName>std_logic</spirit:typeName>
              <spirit:viewNameRef>xilinx_vivadoverilogsynthesis</spirit:viewNameRef>
              <spirit:viewNameRef>xilinx_vivadoverilogbehavioralsimulation</spirit:viewNameRef>
            </spirit:wireTypeDef>
          </spirit:wireTypeDefs>
        </spirit:wire>
      </spirit:port>
      <spirit:port>
        <spirit:name>gmii_dbg_in_31_0</spirit:name>
        <spirit:wire>
          <spirit:direction>in</spirit:direction>
          <spirit:vector>
            <spirit:left spirit:format="long" spirit:resolve="immediate">31</spirit:left>
            <spirit:right spirit:format="long" spirit:resolve="immediate">0</spirit:right>
          </spirit:vector>
          <spirit:wireTypeDefs>
            <spirit:wireTypeDef>
              <spirit:typeName>std_logic_vector</spirit:typeName>
              <spirit:viewNameRef>xilinx_vivadoverilogsynthesis</spirit:viewNameRef>
              <spirit:viewNameRef>xilinx_vivadoverilogbehavioralsimulation</spirit:viewNameRef>
            </spirit:wireTypeDef>
          </spirit:wireTypeDefs>
        </spirit:wire>
      </spirit:port>
      <spirit:port>
        <spirit:name>dbg2_in_31_0</spirit:name>
        <spirit:wire>
          <spirit:direction>in</spirit:direction>
          <spirit:vector>
            <spirit:left spirit:format="long" spirit:resolve="immediate">31</spirit:left>
            <spirit:right spirit:format="long" spirit:resolve="immediate">0</spirit:right>
          </spirit:vector>
          <spirit:wireTypeDefs>
            <spirit:wireTypeDef>
              <spirit:typeName>std_logic_vector</spirit:typeName>
              <spirit:viewNameRef>xilinx_vivadoverilogsynthesis</spirit:viewNameRef>
              <spirit:viewNameRef>xilinx_vivadoverilogbehavioralsimulation</spirit:viewNameRef>
            </spirit:wireTypeDef>
          </spirit:wireTypeDefs>
        </spirit:wire>
      </spirit:port>
      <spirit:port>
        <spirit:name>debug_out_a_127_0</spirit:name>
        <spirit:wire>
          <spirit:direction>out</spirit:direction>
          <spirit:vector>
            <spirit:left spirit:format="long" spirit:resolve="immediate">127</spirit:left>
            <spirit:right spirit:format="long" spirit:resolve="immediate">0</spirit:right>
          </spirit:vector>
          <spirit:wireTypeDefs>
            <spirit:wireTypeDef>
              <spirit:typeName>std_logic_vector</spirit:typeName>
              <spirit:viewNameRef>xilinx_vivadoverilogsynthesis</spirit:viewNameRef>
              <spirit:viewNameRef>xilinx_vivadoverilogbehavioralsimulation</spirit:viewNameRef>
            </spirit:wireTypeDef>
          </spirit:wireTypeDefs>
        </spirit:wire>
      </spirit:port>
      <spirit:port>
        <spirit:name>debug_out_a_ext_15_0</spirit:name>
        <spirit:wire>
          <spirit:direction>out</spirit:direction>
          <spirit:vector>
            <spirit:left spirit:format="long" spirit:resolve="immediate">15</spirit:left>
            <spirit:right spirit:format="long" spirit:resolve="immediate">0</spirit:right>
          </spirit:vector>
          <spirit:wireTypeDefs>
            <spirit:wireTypeDef>
              <spirit:typeName>std_logic_vector</spirit:typeName>
              <spirit:viewNameRef>xilinx_vivadoverilogsynthesis</spirit:viewNameRef>
              <spirit:viewNameRef>xilinx_vivadoverilogbehavioralsimulation</spirit:viewNameRef>
            </spirit:wireTypeDef>
          </spirit:wireTypeDefs>
        </spirit:wire>
      </spirit:port>
      <spirit:port>
        <spirit:name>debug_out_b_127_0</spirit:name>
        <spirit:wire>
          <spirit:direction>out</spirit:direction>
          <spirit:vector>
            <spirit:left spirit:format="long" spirit:resolve="immediate">127</spirit:left>
            <spirit:right spirit:format="long" spirit:resolve="immediate">0</spirit:right>
          </spirit:vector>
          <spirit:wireTypeDefs>
            <spirit:wireTypeDef>
              <spirit:typeName>std_logic_vector</spirit:typeName>
              <spirit:viewNameRef>xilinx_vivadoverilogsynthesis</spirit:viewNameRef>
              <spirit:viewNameRef>xilinx_vivadoverilogbehavioralsimulation</spirit:viewNameRef>
            </spirit:wireTypeDef>
          </spirit:wireTypeDefs>
        </spirit:wire>
      </spirit:port>
    </spirit:ports>
    <spirit:modelParameters>
      <spirit:modelParameter xsi:type="spirit:nameValueTypeType" spirit:dataType="string">
        <spirit:name>C_FAMILY</spirit:name>
        <spirit:value spirit:format="string" spirit:resolve="generated" spirit:id="MODELPARAM_VALUE.C_FAMILY">kintex7</spirit:value>
      </spirit:modelParameter>
      <spirit:modelParameter spirit:dataType="integer">
        <spirit:name>C_USE_DBG2</spirit:name>
        <spirit:displayName>Use Dbg2</spirit:displayName>
        <spirit:value spirit:format="long" spirit:resolve="generated" spirit:id="MODELPARAM_VALUE.C_USE_DBG2" spirit:choiceRef="choices_2">0</spirit:value>
      </spirit:modelParameter>
      <spirit:modelParameter spirit:dataType="integer">
        <spirit:name>C_REGISTER_AXIS</spirit:name>
        <spirit:displayName>Register AXI-Stream</spirit:displayName>
        <spirit:value spirit:format="long" spirit:resolve="generated" spirit:id="MODELPARAM_VALUE.C_REGISTER_AXIS" spirit:choiceRef="choices_0">0</spirit:value>
      </spirit:modelParameter>
    </spirit:modelParameters>
  </spirit:model>
  <spirit:choices>
    <spirit:choice>
      <spirit:name>choices_0</spirit:name>
      <spirit:enumeration spirit:text="false">0</spirit:enumeration>
      <spirit:enumeration spirit:text="true">1</spirit:enumeration>
    </spirit:choice>
    <spirit:choice>
      <spirit:name>choices_1</spirit:name>
      <spirit:enumeration spirit:text="false">0</spirit:enumeration>
      <spirit:enumeration spirit:text="true">1</spirit:enumeration>
    </spirit:choice>
    <spirit:choice>
      <spirit:name>choices_2</spirit:name>
      <spirit:enumeration spirit:text="false">0</spirit:enumeration>
      <spirit:enumeration spirit:text="true">1</spirit:enumeration>
    </spirit:choice>
    <spirit:choice>
      <spirit:name>choices_3</spirit:name>
      <spirit:enumeration spirit:text="false">0</spirit:enumeration>
      <spirit:enumeration spirit:text="true">1</spirit:enumeration>
    </spirit:choice>
  </spirit:choices>
  <spirit:fileSets>
    <spirit:fileSet>
      <spirit:name>xilinx_vivadoverilogsynthesis_view_fileset</spirit:name>
      <spirit:file>
        <spirit:name>hdl/verilog/axis_monstub.v</spirit:name>
        <spirit:fileType>verilogSource</spirit:fileType>
        <spirit:userFileType>CHECKSUM_dbfed26b</spirit:userFileType>
        <spirit:logicalName>axis_monstub_v1_00_a</spirit:logicalName>
      </spirit:file>
    </spirit:fileSet>
    <spirit:fileSet>
      <spirit:name>xilinx_vivadoverilogbehavioralsimulation_view_fileset</spirit:name>
      <spirit:file>
        <spirit:name>hdl/verilog/axis_monstub.v</spirit:name>
        <spirit:fileType>verilogSource</spirit:fileType>
        <spirit:logicalName>axis_monstub_v1_00_a</spirit:logicalName>
      </spirit:file>
    </spirit:fileSet>
    <spirit:fileSet>
      <spirit:name>xilinx_vivadoxpgui_view_fileset</spirit:name>
      <spirit:file>
        <spirit:name>xgui/axis_monstub_v1_00_a.tcl</spirit:name>
        <spirit:fileType>tclSource</spirit:fileType>
      </spirit:file>
    </spirit:fileSet>
  </spirit:fileSets>
  <spirit:description>AXI-Stream Monitor Stub for AXI Monitor</spirit:description>
  <spirit:parameters>
    <spirit:parameter>
      <spirit:name>C_REGISTER_AXIS</spirit:name>
      <spirit:displayName>Register AXI-Stream</spirit:displayName>
      <spirit:value spirit:format="long" spirit:resolve="user" spirit:id="PARAM_VALUE.C_REGISTER_AXIS" spirit:choiceRef="choices_1" spirit:order="1000" spirit:configGroups="1 Parameters">0</spirit:value>
    </spirit:parameter>
    <spirit:parameter>
      <spirit:name>C_USE_DBG2</spirit:name>
      <spirit:displayName>Use Dbg2</spirit:displayName>
      <spirit:value spirit:format="long" spirit:resolve="user" spirit:id="PARAM_VALUE.C_USE_DBG2" spirit:choiceRef="choices_3" spirit:order="1010" spirit:configGroups="1 Parameters">0</spirit:value>
    </spirit:parameter>
    <spirit:parameter>
      <spirit:name>Component_Name</spirit:name>
      <spirit:value spirit:resolve="user" spirit:id="PARAM_VALUE.Component_Name" spirit:order="1">axis_monstub_v1_00_a</spirit:value>
    </spirit:parameter>
  </spirit:parameters>
  <spirit:vendorExtensions>
    <xilinx:coreExtensions>
      <xilinx:supportedFamilies>
        <xilinx:family xilinx:lifeCycle="Production">aartix7</xilinx:family>
        <xilinx:family xilinx:lifeCycle="Production">artix7</xilinx:family>
        <xilinx:family xilinx:lifeCycle="Production">artix7l</xilinx:family>
        <xilinx:family xilinx:lifeCycle="Production">azynq</xilinx:family>
        <xilinx:family xilinx:lifeCycle="Production">kintex7</xilinx:family>
        <xilinx:family xilinx:lifeCycle="Production">kintex7l</xilinx:family>
        <xilinx:family xilinx:lifeCycle="Pre-Production">kintexu</xilinx:family>
        <xilinx:family xilinx:lifeCycle="Production">qartix7</xilinx:family>
        <xilinx:family xilinx:lifeCycle="Production">qkintex7</xilinx:family>
        <xilinx:family xilinx:lifeCycle="Production">qkintex7l</xilinx:family>
        <xilinx:family xilinx:lifeCycle="Production">qvirtex7</xilinx:family>
        <xilinx:family xilinx:lifeCycle="Production">qzynq</xilinx:family>
        <xilinx:family xilinx:lifeCycle="Production">virtex7</xilinx:family>
        <xilinx:family xilinx:lifeCycle="Pre-Production">virtexu</xilinx:family>
        <xilinx:family xilinx:lifeCycle="Production">zynq</xilinx:family>
      </xilinx:supportedFamilies>
      <xilinx:taxonomies>
        <xilinx:taxonomy>/Embedded Processing/Debug &amp; Verification/Debug</xilinx:taxonomy>
      </xilinx:taxonomies>
      <xilinx:displayName>BURST AXI-Stream Monitor Stub</xilinx:displayName>
      <xilinx:coreRevision>1</xilinx:coreRevision>
      <xilinx:coreCreationDateTime>2015-08-24T23:32:27Z</xilinx:coreCreationDateTime>
    </xilinx:coreExtensions>
    <xilinx:packagingInfo>
      <xilinx:xilinxVersion>2015.1_swbeta2</xilinx:xilinxVersion>
    </xilinx:packagingInfo>
  </spirit:vendorExtensions>
</spirit:component>
